Sublet ID,RO Number,Closed At,URL,Advisor,Vehicle Year,Vehicle Make,Vehicle Model,Description,Price,Cost,Vendor,Invoice Number,Invoice Date,Paid By,Shop Name,Shop Identifier
5796628,31901,06/27/2025,https://autohousenwa.shop-ware.com/work_orders/119579746,Bailey Buchholz,2014,BMW,X3,Software Programming,250.00,0.00,"",,,,AutoHouse Automotive,NWA
5811627,31989,07/22/2025,https://autohousenwa.shop-ware.com/work_orders/119872067,Bailey Buchholz,2014,Volvo,S60,Cylinder Head Service,400.00,400.00,Dement,31989,06/30/2025,Cash,AutoHouse Automotive,NWA
5816995,31498,06/26/2025,https://autohousenwa.shop-ware.com/work_orders/117647484,Bailey Buchholz,2014,Toyota,Tacoma,Software Programming,350.00,350.00,Gabriel Spelts,"",06/26/2025,Check,AutoHouse Automotive,NWA
5818095,31854,06/27/2025,https://autohousenwa.shop-ware.com/work_orders/119315296,Bailey Buchholz,2016,BMW,X5,Gasoline,20.00,20.00,EZ Mart,31854,06/27/2025,Cash,AutoHouse Automotive,NWA
5822868,32012,07/28/2025,https://autohousenwa.shop-ware.com/work_orders/119933285,Bailey Buchholz,2010,Hyundai,Sonata,Gasoline,20.00,20.00,Greenland Mini Mart,32012,06/30/2025,Cash,AutoHouse Automotive,NWA
2923660,21798,02/11/2022,https://autohousenwa.shop-ware.com/work_orders/50360489,Steve Wilson,2010,Ford,F-150,Ignition Lock Cylinder R&R,175.00,0.00,Automotive Lock Works,10856,02/09/2022,Check,AutoHouse Automotive,NWA
2920641,20343,02/14/2022,https://autohousenwa.shop-ware.com/work_orders/29979832,Steve Wilson,2005,Chevrolet,Silverado 2500 HD,Fuel Injector Driver Module Repair,351.00,301.00,"","",02/08/2022,"",AutoHouse Automotive,NWA
2905789,21570,02/18/2022,https://autohousenwa.shop-ware.com/work_orders/46804412,Steve Wilson,2013,Mercedes-Benz,Sprinter 2500,Mercedes-Benz,155.00,0.00,"",,,,AutoHouse Automotive,NWA
2872531,21416,01/18/2022,https://autohousenwa.shop-ware.com/work_orders/44380651,Steve Wilson,2013,Toyota,Tacoma,Cylinder Head Service,350.00,280.00,Dement,721648,01/12/2022,Cash,AutoHouse Automotive,NWA
3086172,21563,11/17/2022,https://autohousenwa.shop-ware.com/work_orders/46799221,Joe Sprandel,2000,Ford,F-250 Super Duty,G & S Machine and Engine Parts,130.00,0.00,"",,,,AutoHouse Automotive,NWA
3175018,22563,06/08/2022,https://autohousenwa.shop-ware.com/work_orders/58930960,Steve Wilson,2011,Audi,A4 Quattro,American Towing,80.00,0.00,"",,,,AutoHouse Automotive,NWA
3088212,22287,05/13/2022,https://autohousenwa.shop-ware.com/work_orders/56325138,Steve Wilson,2012,Fiat,500,Cylinder Head Service,150.00,75.00,Dement,721806,05/02/2022,Check,AutoHouse Automotive,NWA
3135390,21563,11/17/2022,https://autohousenwa.shop-ware.com/work_orders/46799221,Joe Sprandel,2000,Ford,F-250 Super Duty,Dement Parts,500.00,500.00,Dement,721805,05/02/2022,Check,AutoHouse Automotive,NWA
3087780,22377,05/04/2022,https://autohousenwa.shop-ware.com/work_orders/56965449,Bailey Buchholz,2014,Mini,Cooper,Xemodex,268.00,268.00,XeModex,658270,04/26/2022,Credit Card,AutoHouse Automotive,NWA
3094770,22298,04/22/2022,https://autohousenwa.shop-ware.com/work_orders/56506883,Bailey Buchholz,2006,Hummer,H3,Tow Service,60.00,0.00,"",,,,AutoHouse Automotive,NWA
3240187,22140,06/23/2022,https://autohousenwa.shop-ware.com/work_orders/54806117,Bailey Buchholz,2015,Land Rover,Discovery Sport,Cylinder Head Service,340.00,300.00,Dement,721828,06/13/2022,Check,AutoHouse Automotive,NWA
3250490,22813,06/23/2022,https://autohousenwa.shop-ware.com/work_orders/60372763,Steve Wilson,2007,Jeep,Liberty,Fuel Surcharge,3.50,3.50,S&S Tire,110364325,06/16/2022,On Account,AutoHouse Automotive,NWA
3317844,23045,07/19/2022,https://autohousenwa.shop-ware.com/work_orders/61469142,Steve Wilson,2009,Volvo,S60,Gasoline,37.38,37.38,Greenland Mini Mart,"",07/19/2022,Credit Card,AutoHouse Automotive,NWA
3305967,22966,07/14/2022,https://autohousenwa.shop-ware.com/work_orders/61123106,Bailey Buchholz,2008,Volvo,S80,Freight,3.50,3.50,S&S Tire,110369487,07/13/2022,On Account,AutoHouse Automotive,NWA
3305072,22859,07/15/2022,https://autohousenwa.shop-ware.com/work_orders/60681734,Bailey Buchholz,2011,Volvo,S60,XeModex,847.00,793.00,XeModex,659464,07/06/2022,Credit Card,AutoHouse Automotive,NWA
3184202,22491,05/09/2022,https://autohousenwa.shop-ware.com/work_orders/58281584,Steve Wilson,2009,Subaru,Forester,Sublet Remove & Replace Turbo Charger to Robert,200.00,0.00,"",,,,AutoHouse Automotive,NWA
3162796,22481,05/25/2022,https://autohousenwa.shop-ware.com/work_orders/58176946,Bailey Buchholz,2013,Fiat,500,Dement Cylinder Services,300.00,200.00,Dement,721815,05/23/2022,Check,AutoHouse Automotive,NWA
3276227,22920,07/07/2022,https://autohousenwa.shop-ware.com/work_orders/60919821,Steve Wilson,2011,Audi,A4,Freight,3.50,3.50,S&S Tire,110367140,06/30/2022,On Account,AutoHouse Automotive,NWA
3276640,22763,07/01/2022,https://autohousenwa.shop-ware.com/work_orders/60071598,Steve Wilson,2010,Mini,Cooper,Ground Shipping,39.00,39.00,XeModex,649089,06/30/2022,Credit Card,AutoHouse Automotive,NWA
3475267,23414,09/02/2022,https://autohousenwa.shop-ware.com/work_orders/63629071,Steve Wilson,2008,Volvo,XC90,Gasoline,19.50,19.50,EZ Mart,9021142,09/07/2022,Credit Card,AutoHouse Automotive,NWA
3316754,23057,07/19/2022,https://autohousenwa.shop-ware.com/work_orders/61667311,Bailey Buchholz,2002,Chevrolet,Silverado 1500,Tow Service,125.00,105.00,American Towing,"",07/18/2022,Cash,AutoHouse Automotive,NWA
3446886,23328,09/30/2022,https://autohousenwa.shop-ware.com/work_orders/63216739,Steve Wilson,2008,Nissan,TITAN,Tow Service,80.00,0.00,"",,,,AutoHouse Automotive,NWA
3343706,23097,10/14/2022,https://autohousenwa.shop-ware.com/work_orders/61837815,Bailey Buchholz,2007,Volvo,S40,Cylinder Head Service,350.00,350.00,Dement,86575712,08/16/2022,Check,AutoHouse Automotive,NWA
3619286,24146,12/01/2022,https://autohousenwa.shop-ware.com/work_orders/68703832,Steve Wilson,2018,Jeep,Renegade,Gasoline,12.81,12.81,Greenland Mini Mart,"",11/28/2022,Credit Card,AutoHouse Automotive,NWA
3490342,23528,10/13/2022,https://autohousenwa.shop-ware.com/work_orders/64381754,Steve Wilson,2015,Subaru,XV Crosstrek,Cylinder Head Service,325.00,200.00,Dement,86575734,10/07/2022,Cash,AutoHouse Automotive,NWA
3529521,23801,10/17/2022,https://autohousenwa.shop-ware.com/work_orders/66450602,Bailey Buchholz,1995,Chevrolet,S10,Tow Service,65.00,60.00,American Towing,101222,10/12/2022,"",AutoHouse Automotive,NWA
3558838,23947,01/16/2023,https://autohousenwa.shop-ware.com/work_orders/67218905,Nick Adams,2010,Volkswagen,Routan,Tow Service,80.00,80.00,American Towing,"",11/01/2022,"",AutoHouse Automotive,NWA
3595075,24001,11/18/2022,https://autohousenwa.shop-ware.com/work_orders/67619541,Bailey Buchholz,2005,Volvo,V70,Metal Key,85.00,85.00,Automotive Lock Works,11813,11/16/2022,Check,AutoHouse Automotive,NWA
3633625,24250,12/19/2022,https://autohousenwa.shop-ware.com/work_orders/69405894,Bailey Buchholz,2013,Honda,Odyssey,Cylinder Head Service,250.00,250.00,Dement,87940160,12/07/2022,Check,AutoHouse Automotive,NWA
3644437,24302,12/28/2022,https://autohousenwa.shop-ware.com/work_orders/69723856,Steve Wilson,2013,Mercedes-Benz,C300,Xemodex MB ESL Repair & Return MB.2000.2045458132.10.20,488.00,388.00,"",36715,12/14/2022,"",AutoHouse Automotive,NWA
3684299,24464,01/13/2023,https://autohousenwa.shop-ware.com/work_orders/70953768,Bailey Buchholz,2015,Mini,Cooper Countryman,Tow Service,125.00,0.00,"",,,,AutoHouse Automotive,NWA
3707146,24431,02/02/2023,https://autohousenwa.shop-ware.com/work_orders/70855415,Bailey Buchholz,2005,Volvo,XC90,Xemodex,553.00,0.00,"",,,,AutoHouse Automotive,NWA
3756556,24547,01/20/2023,https://autohousenwa.shop-ware.com/work_orders/71581833,Steve Wilson,1992,Lexus,ES300,Greenland Mini Mart,10.00,10.00,Greenland Mini Mart,"",01/20/2023,Cash,AutoHouse Automotive,NWA
3769443,24510,02/17/2023,https://autohousenwa.shop-ware.com/work_orders/71471315,Bailey Buchholz,2008,Honda,Pilot,Automotive Lockworks,55.00,0.00,"",,,,AutoHouse Automotive,NWA
3807023,24683,02/28/2023,https://autohousenwa.shop-ware.com/work_orders/72711175,Steve Wilson,2011,Subaru,Forester,Dement Cylinder Head Service,300.00,300.00,Dement,87940193,02/09/2023,Cash,AutoHouse Automotive,NWA
4015671,25122,04/11/2023,https://autohousenwa.shop-ware.com/work_orders/77167603,Bailey Buchholz,2017,Volvo,XC60,Gasoline,20.00,20.00,Greenland Mini Mart,"",04/07/2023,Cash,AutoHouse Automotive,NWA
3937923,24971,03/16/2023,https://autohousenwa.shop-ware.com/work_orders/75322508,Bailey Buchholz,2005,Volvo,XC90,Tow from Rogers,166.12,166.12,American Towing,"",03/15/2023,Other,AutoHouse Automotive,NWA
3755006,24567,03/27/2023,https://autohousenwa.shop-ware.com/work_orders/71685257,Bailey Buchholz,2012,Volvo,S60,Cut Metal Keys (2),125.00,100.00,Automotive Lock Works,"",01/19/2023,"",AutoHouse Automotive,NWA
3990652,24918,03/30/2023,https://autohousenwa.shop-ware.com/work_orders/74794858,Steve Wilson,2007,Ford,Mustang,Service Flywheel,80.00,60.00,O'Reilly Auto Parts,4075-131832,03/29/2023,Credit Card,AutoHouse Automotive,NWA
3968674,24567,03/27/2023,https://autohousenwa.shop-ware.com/work_orders/71685257,Bailey Buchholz,2012,Volvo,S60,Paint Match,160.00,156.94,Country Club Auto Body,12555,03/23/2023,Credit Card,AutoHouse Automotive,NWA
4185852,25292,06/05/2023,https://autohousenwa.shop-ware.com/work_orders/78305040,Steve Wilson,2002,Ford,Expedition,Rear Differential Overhaul,2400.00,1895.22,JAB,44157,06/02/2023,Check,AutoHouse Automotive,NWA
4180389,25570,06/07/2023,https://autohousenwa.shop-ware.com/work_orders/81002664,Steve Wilson,2012,MINI,Cooper Countryman,Tow Service,120.00,120.00,American Towing,"",06/01/2023,"",AutoHouse Automotive,NWA
4107866,25320,01/18/2024,https://autohousenwa.shop-ware.com/work_orders/78529737,Joe Sprandel,2007,Volvo,S40,Cylinder Head Service,200.00,200.00,Dement,543289,05/05/2023,Check,AutoHouse Automotive,NWA
4101480,25133,01/18/2024,https://autohousenwa.shop-ware.com/work_orders/77200439,Joe Sprandel,2008,Nissan,TITAN,Xemodex,114.00,114.00,XeModex,665237,05/02/2023,Credit Card,AutoHouse Automotive,NWA
4160651,25537,06/14/2023,https://autohousenwa.shop-ware.com/work_orders/80865167,Steve Wilson,2007,Volvo,V70,XeModex,743.00,0.00,"",,,,AutoHouse Automotive,NWA
4163332,25558,05/31/2023,https://autohousenwa.shop-ware.com/work_orders/80969333,Bailey Buchholz,1997,Volvo,850,Tow Service,120.00,0.00,"",,,,AutoHouse Automotive,NWA
4304381,26002,08/18/2023,https://autohousenwa.shop-ware.com/work_orders/83799991,Bailey Buchholz,2001,Volvo,V70,Tow Service,120.00,0.00,"",,,,AutoHouse Automotive,NWA
4304387,25807,09/29/2023,https://autohousenwa.shop-ware.com/work_orders/82527294,Bailey Buchholz,2016,Ford,F-150,Tow Service,166.12,0.00,"",,,,AutoHouse Automotive,NWA
4311999,26002,08/18/2023,https://autohousenwa.shop-ware.com/work_orders/83799991,Bailey Buchholz,2001,Volvo,V70,XeModex,623.00,0.00,"",,,,AutoHouse Automotive,NWA
4515866,26951,11/06/2023,https://autohousenwa.shop-ware.com/work_orders/89782656,Bailey Buchholz,2005,Ford,Mustang,Tow Service,125.00,125.00,American Towing,"",11/02/2023,"",AutoHouse Automotive,NWA
4458798,26739,10/13/2023,https://autohousenwa.shop-ware.com/work_orders/88443802,Bailey Buchholz,2005,Volvo,V50,Uber,30.00,0.00,"",,,,AutoHouse Automotive,NWA
4480917,26783,10/19/2023,https://autohousenwa.shop-ware.com/work_orders/88651805,Bailey Buchholz,2012,Volkswagen,Jetta,Software Programming,250.00,165.00,Crain Volkswagen,VWCS1003389,10/17/2023,Check,AutoHouse Automotive,NWA
4253958,25885,07/05/2023,https://autohousenwa.shop-ware.com/work_orders/83232302,Bailey Buchholz,2012,Chevrolet,Cruze,Gas,10.00,10.00,Greenland Mini Mart,"",07/05/2023,Cash,AutoHouse Automotive,NWA
4356348,25900,08/18/2023,https://autohousenwa.shop-ware.com/work_orders/83399257,Bailey Buchholz,2000,GMC,Savana 1500,ECU Tuning,250.00,200.00,C&C Auto Programming,"",08/22/2023,Check,AutoHouse Automotive,NWA
4345300,26258,08/18/2023,https://autohousenwa.shop-ware.com/work_orders/85661818,Bailey Buchholz,2007,Volvo,S40,Cylinder Head Service,350.00,0.00,"",,,,AutoHouse Automotive,NWA
4514608,25989,11/03/2023,https://autohousenwa.shop-ware.com/work_orders/83763510,Bailey Buchholz,2011,Volvo,S80,Tow Service,200.00,200.00,American Towing,"",11/01/2023,"",AutoHouse Automotive,NWA
4330738,26151,08/07/2023,https://autohousenwa.shop-ware.com/work_orders/85240727,Bailey Buchholz,2013,Volvo,XC90,EZ Mart,20.00,0.00,"",,,,AutoHouse Automotive,NWA
4351699,25900,08/18/2023,https://autohousenwa.shop-ware.com/work_orders/83399257,Bailey Buchholz,2000,GMC,Savana 1500,Gasoline,18.00,18.00,Greenland Mini Mart,"",08/21/2023,Cash,AutoHouse Automotive,NWA
4536764,27045,11/20/2023,https://autohousenwa.shop-ware.com/work_orders/90205070,Bailey Buchholz,2007,Chevrolet,Equinox,Cylinder Head Service,400.00,0.00,"",,,,AutoHouse Automotive,NWA
4536928,27046,11/10/2023,https://autohousenwa.shop-ware.com/work_orders/90207424,Bailey Buchholz,2022,Volvo,XC60,Gas,15.00,0.00,"",,,,AutoHouse Automotive,NWA
4608609,27388,01/08/2024,https://autohousenwa.shop-ware.com/work_orders/91745375,Bailey Buchholz,2015,Hyundai,Sonata,Cylinder Head Service,350.00,300.00,Dement,1224,01/02/2024,Check,AutoHouse Automotive,NWA
4578338,27277,12/14/2023,https://autohousenwa.shop-ware.com/work_orders/91126016,Bailey Buchholz,2016,Volvo,XC60,Gasoline,20.00,20.00,Greenland Mini Mart,"",12/08/2023,Cash,AutoHouse Automotive,NWA
4741853,27742,02/16/2024,https://autohousenwa.shop-ware.com/work_orders/93967656,Bailey Buchholz,2015,Volvo,S60,Software Programming,250.00,0.00,"",,,,AutoHouse Automotive,NWA
3641372,24300,01/19/2024,https://autohousenwa.shop-ware.com/work_orders/69715330,Joe Sprandel,2010,Volvo,S40,Cylinder Head Service,350.00,350.00,Dement,"",12/13/2022,"",AutoHouse Automotive,NWA
4714604,27683,02/09/2024,https://autohousenwa.shop-ware.com/work_orders/93614071,Bailey Buchholz,2006,Chevrolet,Tahoe,Premium Service Plan,290.00,235.00,Jasper,88-5274406,02/02/2024,Check,AutoHouse Automotive,NWA
4714605,27683,02/09/2024,https://autohousenwa.shop-ware.com/work_orders/93614071,Bailey Buchholz,2006,Chevrolet,Tahoe,Towing & Rental Plan,80.00,60.00,Jasper,88-5274406,02/02/2024,Check,AutoHouse Automotive,NWA
4756815,27797,02/28/2024,https://autohousenwa.shop-ware.com/work_orders/94239995,Bailey Buchholz,2008,Mazda,3,Cylinder Head Service,350.00,300.00,Dement,"",02/21/2024,Check,AutoHouse Automotive,NWA
3199165,22503,06/09/2022,https://autohousenwa.shop-ware.com/work_orders/58324564,Bailey Buchholz,2014,Mini,Cooper,Gasoline,10.00,10.00,EZ Mart,1016868,05/25/2022,Cash,AutoHouse Automotive,NWA
3200754,22563,06/08/2022,https://autohousenwa.shop-ware.com/work_orders/58930960,Steve Wilson,2011,Audi,A4 Quattro,Cylinder Head Service,325.00,0.00,"",,,,AutoHouse Automotive,NWA
3284213,22862,07/26/2022,https://autohousenwa.shop-ware.com/work_orders/60695463,Bailey Buchholz,1998,Jaguar,XK8,Xemodex,258.00,0.00,"",,,,AutoHouse Automotive,NWA
3301888,22909,07/11/2022,https://autohousenwa.shop-ware.com/work_orders/60833391,Steve Wilson,1997,Toyota,Land Cruiser,Gasoline,15.00,15.00,EZ Mart,1019594,07/08/2022,Cash,AutoHouse Automotive,NWA
3316764,23057,07/19/2022,https://autohousenwa.shop-ware.com/work_orders/61667311,Bailey Buchholz,2002,Chevrolet,Silverado 1500,Replace Ignition Lock Cylinder,100.00,0.00,"",,,,AutoHouse Automotive,NWA
3448056,23080,08/23/2022,https://autohousenwa.shop-ware.com/work_orders/61726018,Steve Wilson,1969,Volvo,P1800 S 2.0,Gasoline,20.00,0.00,"",,,,AutoHouse Automotive,NWA
3319744,22997,09/20/2022,https://autohousenwa.shop-ware.com/work_orders/61357521,Joe Sprandel,2009,Mini,Cooper,Cylinder Head Service,350.00,325.00,Dement,721844,07/20/2022,Cash,AutoHouse Automotive,NWA
3321158,21563,11/17/2022,https://autohousenwa.shop-ware.com/work_orders/46799221,Joe Sprandel,2000,Ford,F-250 Super Duty,Dement Parts,80.00,80.00,Dement,721840,07/21/2022,Cash,AutoHouse Automotive,NWA
3321166,21563,11/17/2022,https://autohousenwa.shop-ware.com/work_orders/46799221,Joe Sprandel,2000,Ford,F-250 Super Duty,Dement Parts,200.00,200.00,Dement,721838,07/21/2022,Check,AutoHouse Automotive,NWA
3619195,23895,11/25/2022,https://autohousenwa.shop-ware.com/work_orders/66962095,Steve Wilson,2002,Volvo,V70,Xemodex,650.45,549.00,XeModex,"",11/28/2022,"",AutoHouse Automotive,NWA
3491375,23570,09/16/2022,https://autohousenwa.shop-ware.com/work_orders/64579762,Bailey Buchholz,2003,Cadillac,Escalade,Gasoline,10.00,10.00,EZ Mart,9041755,09/16/2022,Credit Card,AutoHouse Automotive,NWA
3506366,23328,09/30/2022,https://autohousenwa.shop-ware.com/work_orders/63216739,Steve Wilson,2008,Nissan,TITAN,Gasoline,19.99,19.99,Greenland Mini Mart,"",09/28/2022,Cash,AutoHouse Automotive,NWA
3517571,23537,10/04/2022,https://autohousenwa.shop-ware.com/work_orders/64409591,Steve Wilson,2007,Mercedes-Benz,CLK350,Xemodex,500.00,450.00,XeModex,"",10/04/2022,"",AutoHouse Automotive,NWA
3515621,23557,11/11/2022,https://autohousenwa.shop-ware.com/work_orders/64479884,Steve Wilson,2000,BMW,540i,Xemodex,114.00,114.00,XeModex,661280,10/03/2022,Credit Card,AutoHouse Automotive,NWA
3557799,23958,11/01/2022,https://autohousenwa.shop-ware.com/work_orders/67263988,Bailey Buchholz,2012,MINI,Cooper Countryman,Tow Service,100.00,80.00,American Towing,"",10/31/2022,"",AutoHouse Automotive,NWA
3603940,23862,12/23/2022,https://autohousenwa.shop-ware.com/work_orders/66780181,Steve Wilson,2005,Volvo,S60,xemodex,588.00,0.00,"",,,,AutoHouse Automotive,NWA
3659814,24387,12/27/2022,https://autohousenwa.shop-ware.com/work_orders/70139741,"",2008,Honda,CR-V,Tow Service,100.00,100.00,American Towing,"",12/26/2022,Cash,AutoHouse Automotive,NWA
3758029,24605,01/26/2023,https://autohousenwa.shop-ware.com/work_orders/71853295,Steve Wilson,2011,Chevrolet,Silverado 1500,Tow Service,125.00,0.00,"",,,,AutoHouse Automotive,NWA
3839611,24797,03/02/2023,https://autohousenwa.shop-ware.com/work_orders/73691117,Bailey Buchholz,2014,BMW,X1,XeModex,378.00,0.00,"",,,,AutoHouse Automotive,NWA
3842537,24354,02/28/2023,https://autohousenwa.shop-ware.com/work_orders/69987222,Bailey Buchholz,2002,Volvo,V70,Gas,0.00,10.00,Greenland Mini Mart,2/22/23,02/23/2023,Cash,AutoHouse Automotive,NWA
3976442,25042,03/24/2023,https://autohousenwa.shop-ware.com/work_orders/76284908,Bailey Buchholz,2008,BMW,328i,Tow Service,110.75,0.00,"",,,,AutoHouse Automotive,NWA
3936479,24932,04/07/2023,https://autohousenwa.shop-ware.com/work_orders/75149040,Steve Wilson,2010,Mazda,3,XeModex,388.00,338.00,XeModex,"",03/14/2023,Credit Card,AutoHouse Automotive,NWA
3933974,24964,03/14/2023,https://autohousenwa.shop-ware.com/work_orders/75269869,Bailey Buchholz,1995,Ford,E-150 Econoline,Tow Service,110.75,110.75,American Towing,"",03/14/2023,Other,AutoHouse Automotive,NWA
3966880,25013,03/22/2023,https://autohousenwa.shop-ware.com/work_orders/76058570,Bailey Buchholz,2014,Ford,F-350 Super Duty,Tow Service,150.00,150.00,American Towing,"",03/22/2023,"",AutoHouse Automotive,NWA
4031623,25140,04/26/2023,https://autohousenwa.shop-ware.com/work_orders/77227103,Bailey Buchholz,2013,Volvo,S60,Cylinder Head Service,300.00,250.00,Dement,543284,04/17/2023,Check,AutoHouse Automotive,NWA
4219088,25706,06/15/2023,https://autohousenwa.shop-ware.com/work_orders/81982355,Bailey Buchholz,2000,Ford,Ranger,Automotive Lock Works,100.00,0.00,"",,,,AutoHouse Automotive,NWA
4192450,25564,06/09/2023,https://autohousenwa.shop-ware.com/work_orders/80985604,Bailey Buchholz,2013,Volvo,S60,Cylinder Head Service,300.00,0.00,"",,,,AutoHouse Automotive,NWA
4221406,25688,06/16/2023,https://autohousenwa.shop-ware.com/work_orders/81740720,Bailey Buchholz,2012,MINI,Cooper Countryman,EZ Mart,20.00,20.00,EZ Mart,"",06/16/2023,Cash,AutoHouse Automotive,NWA
4311937,26079,08/11/2023,https://autohousenwa.shop-ware.com/work_orders/84740255,Bailey Buchholz,2006,Toyota,Tacoma,Overnight Shipping,56.56,56.56,"","",07/28/2023,Cash,AutoHouse Automotive,NWA
4228322,25766,06/26/2023,https://autohousenwa.shop-ware.com/work_orders/82171331,Bailey Buchholz,2003,BMW,330xi,XeModex,503.00,0.00,"",,,,AutoHouse Automotive,NWA
4310686,26079,08/11/2023,https://autohousenwa.shop-ware.com/work_orders/84740255,Bailey Buchholz,2006,Toyota,Tacoma,Cylinder Head Service,500.00,460.00,Dement,"",07/27/2023,Check,AutoHouse Automotive,NWA
4254013,25907,07/07/2023,https://autohousenwa.shop-ware.com/work_orders/83498662,Steve Wilson,2005,Volvo,V70,Clone Key,100.00,100.00,Automotive Lock Works,12166,07/05/2023,Cash,AutoHouse Automotive,NWA
4255063,25800,07/07/2023,https://autohousenwa.shop-ware.com/work_orders/82269967,Bailey Buchholz,2012,MINI,Cooper Countryman,Tow Service,166.12,0.00,American Towing,"",07/06/2023,"",AutoHouse Automotive,NWA
4256589,25800,07/07/2023,https://autohousenwa.shop-ware.com/work_orders/82269967,Bailey Buchholz,2012,MINI,Cooper Countryman,Software Programming,100.00,0.00,"",,,,AutoHouse Automotive,NWA
4342129,26034,08/15/2023,https://autohousenwa.shop-ware.com/work_orders/84461621,Bailey Buchholz,2007,Mazda,CX-9,Spare Key & Programming,250.00,235.00,Automotive Lock Works,"",08/15/2023,Cash,AutoHouse Automotive,NWA
4264395,25661,08/04/2023,https://autohousenwa.shop-ware.com/work_orders/81554790,Steve Wilson,2016,Volvo,XC90,Cylinder Head Service,200.00,0.00,"",,,,AutoHouse Automotive,NWA
4499263,26835,10/24/2023,https://autohousenwa.shop-ware.com/work_orders/89199793,Bailey Buchholz,2012,MINI,Cooper Countryman,Gasoline,20.00,20.00,Greenland Mini Mart,"",10/24/2023,Cash,AutoHouse Automotive,NWA
4332138,26110,08/18/2023,https://autohousenwa.shop-ware.com/work_orders/84904176,Bailey Buchholz,2004,Dodge,Ram 1500,XeModex,403.00,0.00,"",,,,AutoHouse Automotive,NWA
4370669,26372,09/07/2023,https://autohousenwa.shop-ware.com/work_orders/86110444,Bailey Buchholz,2007,Volvo,XC70,XeModex,680.00,0.00,"",,,,AutoHouse Automotive,NWA
4514850,26945,11/01/2023,https://autohousenwa.shop-ware.com/work_orders/89769891,Bailey Buchholz,1998,Volvo,V70,Gasoline,35.00,35.00,Tobo's,"",11/01/2023,Credit Card,AutoHouse Automotive,NWA
4526455,27000,11/14/2023,https://autohousenwa.shop-ware.com/work_orders/89985814,Bailey Buchholz,2004,Chevrolet,Tahoe,Tow Service,125.00,125.00,American Towing,"",11/07/2023,"",AutoHouse Automotive,NWA
4612469,27409,12/28/2023,https://autohousenwa.shop-ware.com/work_orders/91861691,Tom Hatfield,1999,Toyota,RAV4,Tow Service,125.00,0.00,"",,,,AutoHouse Automotive,NWA
4573497,27202,12/06/2023,https://autohousenwa.shop-ware.com/work_orders/90810480,Bailey Buchholz,2018,Volvo,XC90,SWM Reload (31443440),57.36,0.00,"",,,,AutoHouse Automotive,NWA
4743744,27595,02/15/2024,https://autohousenwa.shop-ware.com/work_orders/93055774,Bailey Buchholz,2013,Volvo,S60,Cylinder Head Service,300.00,300.00,Dement,"",02/13/2024,Check,AutoHouse Automotive,NWA
4644975,27360,01/11/2024,https://autohousenwa.shop-ware.com/work_orders/91470299,Bailey Buchholz,2015,Volvo,S60,Xemodex ECM Repair,560.00,0.00,"",,,,AutoHouse Automotive,NWA
4804392,27978,03/25/2024,https://autohousenwa.shop-ware.com/work_orders/95167220,Bailey Buchholz,2011,Cadillac,Escalade ESV,Software Programming,300.00,0.00,"",,,,AutoHouse Automotive,NWA
4724257,27725,02/15/2024,https://autohousenwa.shop-ware.com/work_orders/93837309,Bailey Buchholz,2015,Chevrolet,Equinox,Tow Service,125.00,0.00,"",,,,AutoHouse Automotive,NWA
4748833,27782,02/23/2024,https://autohousenwa.shop-ware.com/work_orders/94179604,Bailey Buchholz,2011,Lexus,GX460,XeModex,593.00,518.00,XeModex,671206,02/15/2024,Credit Card,AutoHouse Automotive,NWA
4749293,27778,02/16/2024,https://autohousenwa.shop-ware.com/work_orders/94165600,Bailey Buchholz,2013,Mini,Cooper,Tow Service,125.00,125.00,American Towing,"",02/15/2024,On Account,AutoHouse Automotive,NWA
4781388,27934,03/15/2024,https://autohousenwa.shop-ware.com/work_orders/94860307,Bailey Buchholz,2012,Audi,A7 Quattro,Tow Service,125.00,0.00,"",,,,AutoHouse Automotive,NWA
4797252,27934,03/15/2024,https://autohousenwa.shop-ware.com/work_orders/94860307,Bailey Buchholz,2012,Audi,A7 Quattro,Software Programming,350.00,0.00,"",,,,AutoHouse Automotive,NWA
4851447,28116,04/22/2024,https://autohousenwa.shop-ware.com/work_orders/95987482,Bailey Buchholz,2007,Volvo,XC90,CEM Replacement & Transfer,647.00,0.00,"",,,,AutoHouse Automotive,NWA
4870351,28281,04/26/2024,https://autohousenwa.shop-ware.com/work_orders/97174240,Bailey Buchholz,2013,Volvo,XC60,XeModex,373.00,0.00,"",,,,AutoHouse Automotive,NWA
4919991,28494,05/14/2024,https://autohousenwa.shop-ware.com/work_orders/98726224,Bailey Buchholz,2015,Ford,F-150,Tow Service,150.00,150.00,American Towing,"",05/13/2024,On Account,AutoHouse Automotive,NWA
5004057,28673,11/25/2025,https://autohousenwa.shop-ware.com/work_orders/100155916,Bailey Buchholz,2013,Cadillac,ATS,Cylinder Head Service,100.00,100.00,Dement,"",06/14/2024,Cash,AutoHouse Automotive,NWA
5033162,28802,06/21/2024,https://autohousenwa.shop-ware.com/work_orders/101031141,Bailey Buchholz,2016,Ford,Police Interceptor Utility,Software Programming,250.00,180.00,C&C Auto Programming,101,06/21/2024,Check,AutoHouse Automotive,NWA
5033122,28780,06/28/2024,https://autohousenwa.shop-ware.com/work_orders/100849665,Bailey Buchholz,2020,Chevrolet,Suburban,Software Programming,250.00,180.00,C&C Auto Programming,102,06/21/2024,Check,AutoHouse Automotive,NWA
5026423,28758,07/08/2024,https://autohousenwa.shop-ware.com/work_orders/100709835,Bailey Buchholz,2011,BMW,328i,XeModex,39.00,39.00,XeModex,673472,06/20/2024,Credit Card,AutoHouse Automotive,NWA
5099370,28619,07/26/2024,https://autohousenwa.shop-ware.com/work_orders/99407695,Bailey Buchholz,2005,Chevrolet,Silverado 1500,Rebuild Driveshaft,400.00,360.00,NWA Driveshaft,3234,07/23/2024,Check,AutoHouse Automotive,NWA
5084998,29047,07/26/2024,https://autohousenwa.shop-ware.com/work_orders/103423896,Bailey Buchholz,2015,GMC,Sierra 1500,Software Programming,250.00,180.00,C&C Auto Programming,112,07/16/2024,Check,AutoHouse Automotive,NWA
5142843,29050,08/28/2024,https://autohousenwa.shop-ware.com/work_orders/103430674,Bailey Buchholz,2021,Volvo,XC60,Software Programming,250.00,0.00,"",,,,AutoHouse Automotive,NWA
5148759,29196,08/07/2024,https://autohousenwa.shop-ware.com/work_orders/104365449,Bailey Buchholz,2014,Mercedes-Benz,CLA250,Gasoline,42.18,42.18,"","",08/07/2024,Credit Card,AutoHouse Automotive,NWA
5163628,29301,08/30/2024,https://autohousenwa.shop-ware.com/work_orders/105107702,Bailey Buchholz,2015,INFINITI,QX50,Tow Service,0.00,80.00,American Towing,"",08/13/2024,On Account,AutoHouse Automotive,NWA
5166547,29317,08/22/2024,https://autohousenwa.shop-ware.com/work_orders/105175605,Bailey Buchholz,2012,Ford,Explorer,Software Programming,250.00,180.00,C&C Auto Programming,123,08/21/2024,Check,AutoHouse Automotive,NWA
5184458,29401,08/26/2024,https://autohousenwa.shop-ware.com/work_orders/105542860,Bailey Buchholz,2014,Hyundai,Sonata,Tow Service,80.00,80.00,American Towing,"",08/26/2024,On Account,AutoHouse Automotive,NWA
5168340,29058,08/22/2024,https://autohousenwa.shop-ware.com/work_orders/103446766,Bailey Buchholz,2011,Volvo,S80,Cylinder Head Service,250.00,250.00,Dement,"",08/15/2024,Check,AutoHouse Automotive,NWA
5186281,29421,08/28/2024,https://autohousenwa.shop-ware.com/work_orders/105637028,Bailey Buchholz,2013,Chevrolet,Avalanche,Tow Service,80.00,80.00,American Towing,"",08/26/2024,On Account,AutoHouse Automotive,NWA
5207757,29540,09/11/2024,https://autohousenwa.shop-ware.com/work_orders/106319600,Bailey Buchholz,2017,Volvo,XC90,Tow Service,100.00,100.00,American Towing,"",09/09/2024,On Account,AutoHouse Automotive,NWA
5201924,29461,09/13/2024,https://autohousenwa.shop-ware.com/work_orders/105816599,Bailey Buchholz,2005,Mazda,Tribute,Software Programming,250.00,185.00,C&C Auto Programming,126,09/05/2024,Check,AutoHouse Automotive,NWA
5224661,29641,09/18/2024,https://autohousenwa.shop-ware.com/work_orders/106754115,Bailey Buchholz,2021,Volvo,XC60,Gasoline,20.00,20.00,EZ Mart,"",09/18/2024,Cash,AutoHouse Automotive,NWA
5232039,28750,06/18/2024,https://autohousenwa.shop-ware.com/work_orders/100684548,Bailey Buchholz,2004,Chrysler,Pacifica,Tow Service,125.00,125.00,American Towing,"",09/23/2024,On Account,AutoHouse Automotive,NWA
5267885,29629,10/08/2024,https://autohousenwa.shop-ware.com/work_orders/106716869,Bailey Buchholz,2017,Jeep,Grand Cherokee,Cylinder Head Service,350.00,300.00,Dement,"",10/02/2024,Check,AutoHouse Automotive,NWA
5266631,29549,09/27/2024,https://autohousenwa.shop-ware.com/work_orders/106341844,Bailey Buchholz,2003,Honda,CR-V,Rebuild Ignition Lock Cylinder,350.00,300.00,Automotive Lock Works,12956,09/25/2024,Check,AutoHouse Automotive,NWA
5336866,29896,10/17/2024,https://autohousenwa.shop-ware.com/work_orders/108344997,Bailey Buchholz,2018,BMW,X3,Tow Service,100.00,100.00,American Towing,"",10/16/2024,On Account,AutoHouse Automotive,NWA
5362961,30019,11/07/2024,https://autohousenwa.shop-ware.com/work_orders/108944075,Bailey Buchholz,2012,Ford,Expedition,Tow Service,120.00,120.00,American Towing,"",10/31/2024,On Account,AutoHouse Automotive,NWA
5348755,29941,11/27/2024,https://autohousenwa.shop-ware.com/work_orders/108502761,Bailey Buchholz,2016,Volvo,XC60,Gasoline,20.00,20.00,EZ Mart,"",10/23/2024,Cash,AutoHouse Automotive,NWA
5349430,29887,10/24/2024,https://autohousenwa.shop-ware.com/work_orders/108242627,Bailey Buchholz,2015,Ford,F-250 Super Duty,Gasoline,38.63,38.63,EZ Mart,"",10/23/2024,Cash,AutoHouse Automotive,NWA
5340923,29910,10/18/2024,https://autohousenwa.shop-ware.com/work_orders/108369701,Bailey Buchholz,2016,Kia,Sorento,Software Programming,250.00,0.00,"",,,,AutoHouse Automotive,NWA
5353245,29978,11/08/2024,https://autohousenwa.shop-ware.com/work_orders/108626560,Bailey Buchholz,2011,BMW,X5,Tow Service,80.00,80.00,American Towing,"",10/25/2024,On Account,AutoHouse Automotive,NWA
5412134,30264,12/06/2024,https://autohousenwa.shop-ware.com/work_orders/110962999,Bailey Buchholz,2013,Jeep,Grand Cherokee,Cylinder Head Service,350.00,200.00,Dement,30264,12/03/2024,Check,AutoHouse Automotive,NWA
5410927,30274,12/11/2024,https://autohousenwa.shop-ware.com/work_orders/110986677,Bailey Buchholz,2003,BMW,M3,Software Programming,250.00,0.00,"",,,,AutoHouse Automotive,NWA
5419905,30229,12/11/2024,https://autohousenwa.shop-ware.com/work_orders/110618334,Bailey Buchholz,2019,Volvo,XC60,Software Programming,250.00,0.00,"",,,,AutoHouse Automotive,NWA
5509378,30567,01/30/2025,https://autohousenwa.shop-ware.com/work_orders/112359840,Bailey Buchholz,2017,Honda,Accord,XeModex,468.00,418.00,XeModex,676445,01/28/2025,Credit Card,AutoHouse Automotive,NWA
5510930,30636,01/28/2025,https://autohousenwa.shop-ware.com/work_orders/113183675,Bailey Buchholz,2015,Volvo,V60 Cross Country,Software Programming,250.00,82.31,Volvo (Crest),31275266,01/22/2025,"",AutoHouse Automotive,NWA
5544124,30750,02/21/2025,https://autohousenwa.shop-ware.com/work_orders/113550412,Bailey Buchholz,2008,Audi,A4 Quattro,Gasoline,20.00,20.00,EZ Mart,30750,02/07/2025,Cash,AutoHouse Automotive,NWA
5565744,30970,03/04/2025,https://autohousenwa.shop-ware.com/work_orders/114572107,Bailey Buchholz,2011,Ford,Fusion,Tow Service,125.00,125.00,American Towing,30970,02/24/2025,On Account,AutoHouse Automotive,NWA
5606046,31089,03/25/2025,https://autohousenwa.shop-ware.com/work_orders/115296455,Bailey Buchholz,1995,Volvo,850 Series,Gasoline,40.00,40.00,Tobo's,"",03/14/2025,Cash,AutoHouse Automotive,NWA
5687834,31424,04/16/2025,https://autohousenwa.shop-ware.com/work_orders/117141660,Bailey Buchholz,2007,Mini,Cooper,Gasoline,20.00,20.00,Tobo's,"",04/16/2025,Cash,AutoHouse Automotive,NWA
5708787,31512,04/28/2025,https://autohousenwa.shop-ware.com/work_orders/117704958,Bailey Buchholz,2009,Mercury,Grand Marquis,Gasoline,15.00,15.00,EZ Mart,31512,04/28/2025,Cash,AutoHouse Automotive,NWA
5739058,31616,05/22/2025,https://autohousenwa.shop-ware.com/work_orders/118246812,Bailey Buchholz,2003,Dodge,Grand Caravan,Software Programming,100.00,0.00,"",,,,AutoHouse Automotive,NWA
5740980,31684,05/19/2025,https://autohousenwa.shop-ware.com/work_orders/118565010,Bailey Buchholz,2010,Toyota,4Runner,Gasoline,25.00,25.00,EZ Mart,31684,05/16/2025,Cash,AutoHouse Automotive,NWA
5692575,31295,06/06/2025,https://autohousenwa.shop-ware.com/work_orders/116509314,Bailey Buchholz,2017,Ford,F-150,Software Programming,100.00,80.00,Gabe Spelts,"",04/21/2025,Check,AutoHouse Automotive,NWA
5848371,32106,07/22/2025,https://autohousenwa.shop-ware.com/work_orders/120719616,Bailey Buchholz,2015,Subaru,XV Crosstrek,Software Programming,250.00,0.00,"",,,,AutoHouse Automotive,NWA
5853263,32193,07/22/2025,https://autohousenwa.shop-ware.com/work_orders/121053491,Bailey Buchholz,2019,Mercedes-Benz,GLS450,Gasoline,15.00,15.00,EZ Mart,32193,07/21/2025,Cash,AutoHouse Automotive,NWA
5852540,32129,08/01/2025,https://autohousenwa.shop-ware.com/work_orders/120787005,Bailey Buchholz,2011,Volvo,C70,Software Programming,250.00,0.00,"",,,,AutoHouse Automotive,NWA
5990230,32654,11/12/2025,https://autohousenwa.shop-ware.com/work_orders/123784258,Bailey Buchholz,2009,Mini,Cooper,Tow Service,100.00,100.00,American Towing,"",09/17/2025,On Account,AutoHouse Automotive,NWA
5912328,32368,08/21/2025,https://autohousenwa.shop-ware.com/work_orders/122242395,Bailey Buchholz,2005,Saturn,Vue,Key Replacement,100.00,75.00,Automotive Lock Works,13435,08/16/2025,Check,AutoHouse Automotive,NWA
4775459,27913,03/14/2024,https://autohousenwa.shop-ware.com/work_orders/94741287,Bailey Buchholz,2013,Volvo,XC70,Tow Service,200.00,200.00,American Towing,"",03/04/2024,On Account,AutoHouse Automotive,NWA
4796187,27913,03/14/2024,https://autohousenwa.shop-ware.com/work_orders/94741287,Bailey Buchholz,2013,Volvo,XC70,Gasoline,20.00,20.00,EZ Mart,"",03/13/2024,Cash,AutoHouse Automotive,NWA
4814459,27978,03/25/2024,https://autohousenwa.shop-ware.com/work_orders/95167220,Bailey Buchholz,2011,Cadillac,Escalade ESV,Gasoline,20.00,20.00,Greenland Mini Mart,"",03/22/2024,Cash,AutoHouse Automotive,NWA
4839138,28061,03/28/2024,https://autohousenwa.shop-ware.com/work_orders/95581139,Bailey Buchholz,2015,GMC,Sierra 1500,Software Programming,250.00,220.00,C&C Auto Programming,82,04/02/2024,Check,AutoHouse Automotive,NWA
4875828,28327,05/06/2024,https://autohousenwa.shop-ware.com/work_orders/97513266,Bailey Buchholz,2003,Ford,Mustang,XeModex,200.00,0.00,"",,,,AutoHouse Automotive,NWA
4942477,28441,05/24/2024,https://autohousenwa.shop-ware.com/work_orders/98389961,Bailey Buchholz,2005,Chevrolet,Silverado 1500,Gasoline,20.00,20.00,EZ Mart,"",05/24/2024,Cash,AutoHouse Automotive,NWA
4991328,28597,07/10/2024,https://autohousenwa.shop-ware.com/work_orders/99282295,Bailey Buchholz,2017,Volvo,XC90,Software Programming,250.00,0.00,"",,,,AutoHouse Automotive,NWA
5003076,28635,06/20/2024,https://autohousenwa.shop-ware.com/work_orders/99686445,Bailey Buchholz,2007,Toyota,FJ Cruiser,Gasoline,20.00,20.00,Greenland Mini Mart,"",06/13/2024,Cash,AutoHouse Automotive,NWA
5057615,28935,07/18/2024,https://autohousenwa.shop-ware.com/work_orders/102503351,Bailey Buchholz,2013,Ford,F-150,Software Programming,250.00,0.00,"",,,,AutoHouse Automotive,NWA
5097749,29106,07/24/2024,https://autohousenwa.shop-ware.com/work_orders/103766556,Bailey Buchholz,1994,Honda,Accord,Tow Service,75.00,75.00,American Towing,"",07/23/2024,Cash,AutoHouse Automotive,NWA
5129354,28619,07/26/2024,https://autohousenwa.shop-ware.com/work_orders/99407695,Bailey Buchholz,2005,Chevrolet,Silverado 1500,Gasoline,18.44,18.44,Greenland Mini Mart,"",07/26/2024,Cash,AutoHouse Automotive,NWA
5182397,29301,08/30/2024,https://autohousenwa.shop-ware.com/work_orders/105107702,Bailey Buchholz,2015,INFINITI,QX50,Software Programming,300.00,0.00,"",,,,AutoHouse Automotive,NWA
5194172,29301,08/30/2024,https://autohousenwa.shop-ware.com/work_orders/105107702,Bailey Buchholz,2015,INFINITI,QX50,Gasoline,20.00,20.00,EZ Mart,"",08/30/2024,Cash,AutoHouse Automotive,NWA
5191728,29433,08/28/2024,https://autohousenwa.shop-ware.com/work_orders/105670175,Bailey Buchholz,2008,Mercedes-Benz,E350,Gasoline,50.00,50.00,Tobo's,"",08/28/2024,Cash,AutoHouse Automotive,NWA
5202465,29484,09/13/2024,https://autohousenwa.shop-ware.com/work_orders/106020846,Bailey Buchholz,2014,Volkswagen,Tiguan,Gasoline,20.00,20.00,Greenland Mini Mart,"",09/05/2024,Cash,AutoHouse Automotive,NWA
5269075,29625,11/19/2024,https://autohousenwa.shop-ware.com/work_orders/106696363,Bailey Buchholz,2008,Dodge,Dakota,Cut & Program Key,150.00,100.00,Automotive Lock Works,12956,09/27/2024,Check,AutoHouse Automotive,NWA
5299314,29751,10/10/2024,https://autohousenwa.shop-ware.com/work_orders/107400441,Bailey Buchholz,2018,Buick,Encore,Tow Service,80.00,80.00,American Towing,"",09/27/2024,On Account,AutoHouse Automotive,NWA
5356792,29978,11/08/2024,https://autohousenwa.shop-ware.com/work_orders/108626560,Bailey Buchholz,2011,BMW,X5,Xemodex,328.00,0.00,"",,,,AutoHouse Automotive,NWA
5336875,29896,10/17/2024,https://autohousenwa.shop-ware.com/work_orders/108344997,Bailey Buchholz,2018,BMW,X3,Gasoline,20.00,20.00,EZ Mart,"",10/16/2024,Cash,AutoHouse Automotive,NWA
5341274,29920,10/18/2024,https://autohousenwa.shop-ware.com/work_orders/108435662,Bailey Buchholz,2004,GMC,Yukon,Tow Service,100.00,100.00,American Towing,"",10/18/2024,On Account,AutoHouse Automotive,NWA
5382545,30092,11/14/2024,https://autohousenwa.shop-ware.com/work_orders/109601225,Bailey Buchholz,2011,Ford,Fusion,Tow Service,100.00,100.00,American Towing,30092,11/12/2024,On Account,AutoHouse Automotive,NWA
5382540,30090,12/09/2024,https://autohousenwa.shop-ware.com/work_orders/109592930,Bailey Buchholz,2003,Toyota,Camry,Tow Service,100.00,100.00,American Towing,30090,11/11/2024,On Account,AutoHouse Automotive,NWA
5391547,30145,11/22/2024,https://autohousenwa.shop-ware.com/work_orders/109788470,Bailey Buchholz,2019,Chevrolet,Silverado 1500,Cylinder Head Service,300.00,0.00,"",,,,AutoHouse Automotive,NWA
5419373,30106,12/31/2024,https://autohousenwa.shop-ware.com/work_orders/109639701,Bailey Buchholz,2020,Audi,SQ7,Gasoline,20.00,20.00,EZ Mart,"",12/04/2024,Cash,AutoHouse Automotive,NWA
5426484,30160,12/10/2024,https://autohousenwa.shop-ware.com/work_orders/109845236,Bailey Buchholz,2005,Chevrolet,Silverado 1500,Gasoline,20.00,20.00,EZ Mart,30160,12/10/2024,Cash,AutoHouse Automotive,NWA
5432685,30384,12/23/2024,https://autohousenwa.shop-ware.com/work_orders/111406126,Bailey Buchholz,2015,GMC,Sierra 1500,Software Programming,0.00,0.00,"","",12/16/2024,"",AutoHouse Automotive,NWA
5457616,30457,12/24/2024,https://autohousenwa.shop-ware.com/work_orders/111741335,Bailey Buchholz,2017,Ram,1500,Software Programming,250.00,0.00,"",,,,AutoHouse Automotive,NWA
5480344,30482,01/15/2025,https://autohousenwa.shop-ware.com/work_orders/111869372,Bailey Buchholz,2016,Volvo,XC90,Cylinder Head Service,300.00,300.00,Dement,30482,01/02/2025,Check,AutoHouse Automotive,NWA
5518723,30717,02/24/2025,https://autohousenwa.shop-ware.com/work_orders/113448389,Bailey Buchholz,2005,Volvo,XC90,XeModex,553.00,503.00,XeModex,676507,02/03/2025,Credit Card,AutoHouse Automotive,NWA
5720246,31060,06/23/2025,https://autohousenwa.shop-ware.com/work_orders/115158734,Bailey Buchholz,2018,Audi,Q7,Cylinder Head Service,250.00,250.00,Dement,31060,05/05/2025,Check,AutoHouse Automotive,NWA
5563826,30717,02/24/2025,https://autohousenwa.shop-ware.com/work_orders/113448389,Bailey Buchholz,2005,Volvo,XC90,Gasoline,20.00,20.00,Greenland Mini Mart,30717,02/24/2025,Cash,AutoHouse Automotive,NWA
5554109,30880,02/21/2025,https://autohousenwa.shop-ware.com/work_orders/114215354,Bailey Buchholz,2020,GMC,Terrain,Software Programming,300.00,180.00,Spelts Auto Electric,164,02/21/2025,Cash,AutoHouse Automotive,NWA
5734949,31530,06/11/2025,https://autohousenwa.shop-ware.com/work_orders/117749947,Bailey Buchholz,2017,Ford,Explorer,Software Programming ,250.00,0.00,"",,,,AutoHouse Automotive,NWA
5771731,31295,06/06/2025,https://autohousenwa.shop-ware.com/work_orders/116509314,Bailey Buchholz,2017,Ford,F-150,Key Programming,100.00,100.00,Automotive Lock Works,"",06/05/2025,"",AutoHouse Automotive,NWA
5850807,32187,07/18/2025,https://autohousenwa.shop-ware.com/work_orders/121034245,Bailey Buchholz,2019,Volvo,XC60,Tow Service,150.00,150.00,American Towing,32187,07/18/2025,On Account,AutoHouse Automotive,NWA
5876336,32191,08/08/2025,https://autohousenwa.shop-ware.com/work_orders/121047834,Bailey Buchholz,2004,Lincoln,Town Car,Key Programming Service,165.00,165.00,Automotive Lock Works,13405,07/25/2025,Cash,AutoHouse Automotive,NWA
5877103,32258,08/04/2025,https://autohousenwa.shop-ware.com/work_orders/121341680,Bailey Buchholz,2003,Audi,TT Quattro,Gasoline,40.00,40.00,Maverik,32258,07/28/2025,Cash,AutoHouse Automotive,NWA
5882819,32295,08/08/2025,https://autohousenwa.shop-ware.com/work_orders/121484597,Bailey Buchholz,2008,Volvo,C70,Cylinder Head Service,525.00,525.00,Dement,32295,08/06/2025,Check,AutoHouse Automotive,NWA
5886903,32268,08/05/2025,https://autohousenwa.shop-ware.com/work_orders/121384383,Bailey Buchholz,2014,Subaru,Forester,Software Programming,250.00,0.00,"",,,,AutoHouse Automotive,NWA
5909875,31005,08/18/2025,https://autohousenwa.shop-ware.com/work_orders/114924727,Bailey Buchholz,2015,Toyota,Sequoia,Gasoline,60.00,60.00,Greenland Mini Mart,31005,08/15/2025,Cash,AutoHouse Automotive,NWA
5978978,32390,09/12/2025,https://autohousenwa.shop-ware.com/work_orders/122297841,Bailey Buchholz,2014,Chevrolet,Silverado 1500,Software Programming,180.00,180.00,Gabe Spelts,205,09/11/2025,Cash,AutoHouse Automotive,NWA
5973454,32444,09/17/2025,https://autohousenwa.shop-ware.com/work_orders/122513326,Bailey Buchholz,2020,Chevrolet,Silverado 2500 HD,Remove & Replace Differential Pinion Seal,400.00,326.44,JAB,49429,09/09/2025,Check,AutoHouse Automotive,NWA
5979035,31678,09/24/2025,https://autohousenwa.shop-ware.com/work_orders/118546428,Bailey Buchholz,2013,BMW,740Li,DME Replacement,1599.00,1199.00,ECU Pro,023011,08/26/2025,Credit Card,AutoHouse Automotive,NWA
6001425,32672,09/26/2025,https://autohousenwa.shop-ware.com/work_orders/123845371,Bailey Buchholz,2016,Hyundai,Tucson,Gasoline,20.00,20.00,Greenland Mini Mart,32672,09/24/2025,Cash,AutoHouse Automotive,NWA
6064811,32864,10/31/2025,https://autohousenwa.shop-ware.com/work_orders/124654555,Bailey Buchholz,2016,Volvo,XC90,Gasoline,15.00,15.00,EZ Mart,32864,10/31/2025,Cash,AutoHouse Automotive,NWA
6074660,32654,11/12/2025,https://autohousenwa.shop-ware.com/work_orders/123784258,Bailey Buchholz,2009,Mini,Cooper,Shipping,20.00,0.00,"",,,,AutoHouse Automotive,NWA
6234014,33364,01/29/2026,https://autohousenwa.shop-ware.com/work_orders/127218853,Bailey Buchholz,2002,Volvo,V70,Software Programming,250.00,0.00,"",,,,AutoHouse Automotive,NWA
5989932,32632,10/09/2025,https://autohousenwa.shop-ware.com/work_orders/123666002,Bailey Buchholz,2010,Chevrolet,Silverado 1500,Tow Service,174.88,174.88,American Towing,32632,09/15/2025,On Account,AutoHouse Automotive,NWA
6028342,32659,10/10/2025,https://autohousenwa.shop-ware.com/work_orders/123808110,Bailey Buchholz,2013,Chevrolet,Tahoe,Software Programming,180.00,180.00,Gabriel Spelts,209,10/09/2025,Check,AutoHouse Automotive,NWA
6036391,32873,10/31/2025,https://autohousenwa.shop-ware.com/work_orders/124699919,Bailey Buchholz,2001,Volvo,S80,ABS Module Replacement,285.00,237.00,XeModex,"",10/15/2025,"",AutoHouse Automotive,NWA
6050668,32856,10/22/2025,https://autohousenwa.shop-ware.com/work_orders/124625647,Bailey Buchholz,2019,Volvo,XC40,Gasoline,10.00,10.00,EZ Mart,32856,10/22/2025,Cash,AutoHouse Automotive,NWA
6086611,33058,11/26/2025,https://autohousenwa.shop-ware.com/work_orders/125630268,Bailey Buchholz,2015,Chevrolet,Silverado 1500,Software Programming,300.00,300.00,"","",11/14/2025,"",AutoHouse Automotive,NWA
6125405,33254,12/31/2025,https://autohousenwa.shop-ware.com/work_orders/126577617,Bailey Buchholz,2014,Toyota,Camry,XeModex Module Repair,518.00,0.00,"",,,,AutoHouse Automotive,NWA
6223285,33497,02/18/2026,https://autohousenwa.shop-ware.com/work_orders/129490603,Bailey Buchholz,2008,Mazda,3,XeModex,588.00,465.55,XeModex,680754,02/10/2026,Credit Card,AutoHouse Automotive,NWA
